{
  "required": true,
  "compatibilityLevel": "JAVA_8",
  "package": "me.bebeli555.cookieclient.mixin.mixins",
  "refmap": "mixins.cookieclient.refmap.json",
  "client": [
    "MixinEntityPlayer",
    "MixinEntityPlayerSP",
    "MixinNetworkManager",
    "MixinPlayerControllerMP",
    "MixinGuiScreen",
    "MixinMovementInputFromOptions",
    "MixinEntityRenderer",
    "MixinWorld",
    "MixinAbstractHorse",
    "MixinEntityLlama",
    "MixinEntityPig",
    "MixinEntity",
    "MixinItemRenderer",
    "MixinRenderPlayer",
    "MixinViewFrustum",
    "MixinVisGraph",
    "MixinEntityLivingBase",
    "MixinBlock",
    "MixinGuiBossOverlay",
    "MixinLayerArmorBase",
    "MixinMapItemRenderer",
    "MixinRenderManager",
    "MixinTileEntitySignRenderer",
    "MixinRenderLivingBase",
    "MixinGuiIngameForge",
    "MixinGuiDisconnected",
    "MixinGuiIngame",
    "MixinBlockLiquid",
    "MixinMinecraft"
  ]
}